SET07102,SET08112
CSN07101,CSN08104
CSN07102,CSN08104
INF07101,INF08101
SET07101,SET08104
SET07101,SET08105
CSN07101,CSN08103
SET07102,SET08113
CSN07102,CSN08102
SET07102,SET08108
SET07102,SET08103
CSN07101,CSN08101
SET07101,SET08101
SET08104,SET09107
SET08102,SET09107
SET08101,SET09103
IMD08105,IMD09105
SET07102,IMD09105
SET08102,SET09104
CSN08102,CSN09102
IMD08104,IMD09104
CSN08103,CSN09103
SET08105,INF09102
SET08102,SET09109
IMD08103,IMD09103
IMD09104,IMD08104
SET08102,SET09105
INF08101,INF09101
CSN08102,CSN09105
SET08102,SET09101
SET08103,SET09102
IMD08102,IMD09102
CSN08102,CSN09104